t,separation_m
29.434,3.0000
29.445,3.0000
29.451,3.0000
29.462,3.0000
29.470,3.0000
29.481,3.0000
29.490,3.0000
29.502,3.0000
29.511,3.0000
29.522,3.0000
29.530,3.0000
29.542,3.0000
29.550,3.0000
29.561,3.0000
29.570,3.0000
29.582,2.9999
29.590,2.9999
29.602,2.9999
29.611,2.9998
29.621,2.9998
29.630,2.9997
29.641,2.9996
29.651,2.9996
29.661,2.9994
29.671,2.9994
29.681,2.9992
29.690,2.9991
29.701,2.9988
29.710,2.9987
29.722,2.9984
29.730,2.9983
29.741,2.9978
29.750,2.9977
29.762,2.9972
29.770,2.9970
29.781,2.9963
29.790,2.9962
29.802,2.9953
29.810,2.9951
29.822,2.9942
29.831,2.9939
29.842,2.9928
29.850,2.9925
29.861,2.9911
29.870,2.9908
29.882,2.9893
29.890,2.9889
29.902,2.9871
29.911,2.9866
29.921,2.9846
29.930,2.9841
29.942,2.9818
29.950,2.9812
29.962,2.9787
29.970,2.9780
29.981,2.9752
29.991,2.9745
30.002,2.9714
30.010,2.9705
30.021,2.9672
30.030,2.9663
30.041,2.9626
30.050,2.9616
30.061,2.9577
30.071,2.9566
30.082,2.9524
30.090,2.9512
30.102,2.9467
30.111,2.9454
30.122,2.9407
30.130,2.9392
30.141,2.9343
30.150,2.9327
30.162,2.9275
30.170,2.9257
30.181,2.9203
30.191,2.9185
30.201,2.9128
30.210,2.9108
30.221,2.9049
30.231,2.9028
30.241,2.8967
30.251,2.8944
30.262,2.8882
30.270,2.8857
30.282,2.8793
30.290,2.8767
30.302,2.8701
30.311,2.8673
30.321,2.8606
30.331,2.8576
30.342,2.8507
30.350,2.8476
30.361,2.8406
30.370,2.8373
30.381,2.8301
30.390,2.8267
30.433,2.8193
30.434,2.8157
30.435,2.8082
30.435,2.8044
30.442,2.7968
30.450,2.7928
30.462,2.7850
30.471,2.7809
30.481,2.7731
30.490,2.7689
30.502,2.7611
30.513,2.7567
30.521,2.7490
30.531,2.7444
30.541,2.7369
30.550,2.7321
30.562,2.7247
30.570,2.7197
30.581,2.7124
30.591,2.7073
30.603,2.7000
30.611,2.6948
30.622,2.6876
30.631,2.6822
30.641,2.6752
30.651,2.6696
30.662,2.6627
30.670,2.6569
30.681,2.6501
30.690,2.6442
30.702,2.6375
30.711,2.6314
30.721,2.6248
30.731,2.6186
30.741,2.6121
30.750,2.6058
30.762,2.5993
30.770,2.5928
30.782,2.5865
30.790,2.5799
30.802,2.5736
30.811,2.5669
30.821,2.5607
30.831,2.5538
30.842,2.5478
30.851,2.5407
30.862,2.5348
30.870,2.5276
30.881,2.5218
30.890,2.5144
30.901,2.5087
30.910,2.5012
30.921,2.4956
30.931,2.4880
30.943,2.4824
30.951,2.4746
30.961,2.4692
30.970,2.4613
30.981,2.4559
30.991,2.4480
31.001,2.4427
31.010,2.4348
31.021,2.4296
31.030,2.4216
31.041,2.4165
31.051,2.4085
31.061,2.4035
31.071,2.3955
31.081,2.3906
31.091,2.3825
31.103,2.3777
31.111,2.3696
31.121,2.3649
31.131,2.3567
31.141,2.3521
31.151,2.3439
31.161,2.3394
31.171,2.3311
31.181,2.3267
31.190,2.3185
31.201,2.3142
31.211,2.3058
31.221,2.3017
31.230,2.2933
31.242,2.2892
31.250,2.2808
31.262,2.2768
31.270,2.2684
31.281,2.2645
31.290,2.2560
31.301,2.2523
31.311,2.2438
31.321,2.2401
31.330,2.2315
31.341,2.2280
31.359,2.2194
31.377,2.2160
31.377,2.2073
31.381,2.2040
31.390,2.1953
31.402,2.1921
31.410,2.1834
31.422,2.1803
31.430,2.1715
31.441,2.1686
31.451,2.1598
31.461,2.1571
31.470,2.1482
31.481,2.1457
31.491,2.1368
31.501,2.1345
31.511,2.1256
31.521,2.1235
31.530,2.1145
31.541,2.1127
31.550,2.1037
31.562,2.1021
31.570,2.0930
31.581,2.0917
31.591,2.0827
31.601,2.0817
31.610,2.0726
31.622,2.0718
31.631,2.0627
31.642,2.0623
31.651,2.0531
31.661,2.0530
31.671,2.0437
31.681,2.0439
31.691,2.0347
31.701,2.0351
31.710,2.0258
31.721,2.0265
31.731,2.0171
31.742,2.0180
31.750,2.0086
31.761,2.0098
31.770,2.0003
31.781,2.0017
31.791,1.9922
31.801,1.9938
31.811,1.9843
31.822,1.9861
31.831,1.9765
31.842,1.9785
31.850,1.9689
31.861,1.9711
31.871,1.9614
31.881,1.9638
31.890,1.9541
31.902,1.9566
31.911,1.9469
31.922,1.9495
31.931,1.9398
31.941,1.9426
31.950,1.9328
31.961,1.9358
31.971,1.9259
31.982,1.9291
31.990,1.9192
32.001,1.9225
32.010,1.9125
32.022,1.9160
32.030,1.9060
32.041,1.9095
32.050,1.8995
32.062,1.9032
32.070,1.8931
32.082,1.8969
32.091,1.8868
32.102,1.8908
32.112,1.8806
32.121,1.8847
32.131,1.8745
32.142,1.8787
32.150,1.8684
32.160,1.8727
32.171,1.8624
32.181,1.8668
32.190,1.8565
32.201,1.8610
32.210,1.8507
32.221,1.8553
32.230,1.8449
32.241,1.8496
32.252,1.8392
32.261,1.8440
32.271,1.8335
32.281,1.8384
32.291,1.8279
32.301,1.8330
32.311,1.8224
32.328,1.8275
32.342,1.8169
32.342,1.8222
32.350,1.8115
32.361,1.8169
32.370,1.8062
32.381,1.8117
32.390,1.8010
32.402,1.8065
32.411,1.7958
32.422,1.8014
32.431,1.7906
32.441,1.7963
32.450,1.7855
32.462,1.7913
32.470,1.7804
32.481,1.7862
32.491,1.7754
32.502,1.7812
32.511,1.7703
32.522,1.7762
32.530,1.7653
32.541,1.7712
32.550,1.7603
32.561,1.7663
32.570,1.7553
32.581,1.7613
32.590,1.7503
32.601,1.7564
32.610,1.7453
32.622,1.7515
32.630,1.7404
32.642,1.7467
32.651,1.7355
32.662,1.7418
32.670,1.7306
32.683,1.7371
32.690,1.7258
32.702,1.7323
32.710,1.7211
32.722,1.7276
32.730,1.7163
32.741,1.7230
32.751,1.7117
32.761,1.7184
32.771,1.7070
32.781,1.7139
32.791,1.7025
32.801,1.7094
32.810,1.6980
32.821,1.7050
32.830,1.6936
32.841,1.7007
32.850,1.6892
32.861,1.6964
32.871,1.6849
32.881,1.6923
32.890,1.6807
32.902,1.6882
32.911,1.6766
32.921,1.6842
32.930,1.6726
32.941,1.6803
32.951,1.6687
32.962,1.6765
32.970,1.6648
32.981,1.6728
32.990,1.6611
33.001,1.6692
33.011,1.6575
33.021,1.6657
33.031,1.6540
33.042,1.6623
33.050,1.6506
33.062,1.6590
33.070,1.6473
33.081,1.6559
33.090,1.6441
33.101,1.6528
33.111,1.6410
33.122,1.6499
33.131,1.6381
33.142,1.6471
33.150,1.6353
33.161,1.6445
33.171,1.6326
33.182,1.6420
33.190,1.6301
33.202,1.6396
33.211,1.6276
33.221,1.6373
33.230,1.6254
33.241,1.6352
33.250,1.6232
33.261,1.6332
33.270,1.6213
33.282,1.6314
33.290,1.6194
33.311,1.6297
33.311,1.6177
33.321,1.6281
33.341,1.6162
33.342,1.6268
33.350,1.6148
33.361,1.6255
33.370,1.6135
33.381,1.6245
33.390,1.6125
33.401,1.6236
33.410,1.6116
33.421,1.6229
33.430,1.6109
33.441,1.6224
33.450,1.6104
33.461,1.6222
33.470,1.6102
33.481,1.6221
33.491,1.6101
33.502,1.6223
33.509,1.6103
33.522,1.6226
33.530,1.6107
33.542,1.6233
33.550,1.6113
33.561,1.6242
33.570,1.6122
33.582,1.6254
33.590,1.6134
33.602,1.6268
33.610,1.6149
33.621,1.6285
33.631,1.6166
33.641,1.6305
33.650,1.6185
33.661,1.6327
33.670,1.6208
33.681,1.6352
33.691,1.6233
33.701,1.6378
33.711,1.6259
33.721,1.6407
33.730,1.6288
33.741,1.6438
33.750,1.6319
33.761,1.6471
33.770,1.6352
33.781,1.6505
33.790,1.6387
33.802,1.6541
33.810,1.6423
33.822,1.6579
33.831,1.6462
33.842,1.6619
33.850,1.6502
33.861,1.6661
33.871,1.6543
33.881,1.6704
33.890,1.6586
33.902,1.6748
33.911,1.6631
33.921,1.6794
33.931,1.6677
33.942,1.6841
33.951,1.6725
33.961,1.6890
33.970,1.6774
33.982,1.6941
33.990,1.6825
34.002,1.6992
34.011,1.6877
34.021,1.7045
34.030,1.6930
34.041,1.7099
34.052,1.6984
34.061,1.7154
34.070,1.7039
34.082,1.7211
34.090,1.7096
34.102,1.7268
34.110,1.7154
34.122,1.7327
34.131,1.7213
34.141,1.7387
34.150,1.7273
34.161,1.7448
34.171,1.7334
34.181,1.7509
34.191,1.7397
34.201,1.7572
34.211,1.7460
34.222,1.7636
34.231,1.7524
34.242,1.7701
34.251,1.7589
34.261,1.7767
34.270,1.7655
34.283,1.7834
34.291,1.7723
34.302,1.7901
34.311,1.7791
34.322,1.7970
34.337,1.7860
34.341,1.8040
34.350,1.7929
34.361,1.8110
34.371,1.8000
34.382,1.8182
34.391,1.8075
34.403,1.8256
34.411,1.8152
34.421,1.8335
34.430,1.8234
34.441,1.8416
34.450,1.8318
34.464,1.8501
34.470,1.8406
34.481,1.8588
34.490,1.8497
34.502,1.8679
34.510,1.8591
34.522,1.8773
34.531,1.8688
34.541,1.8871
34.550,1.8787
34.562,1.8971
34.571,1.8890
34.581,1.9074
34.591,1.8996
34.602,1.9180
34.611,1.9105
34.621,1.9289
34.630,1.9217
34.641,1.9401
34.651,1.9332
34.661,1.9517
34.670,1.9450
34.682,1.9635
34.690,1.9571
34.702,1.9755
34.711,1.9694
34.722,1.9879
34.730,1.9821
34.741,2.0006
34.751,1.9951
34.762,2.0136
34.770,2.0083
34.781,2.0269
34.790,2.0218
34.802,2.0404
34.810,2.0357
34.821,2.0543
34.830,2.0498
34.841,2.0684
34.850,2.0642
34.861,2.0828
34.870,2.0789
34.881,2.0975
34.890,2.0939
34.902,2.1125
34.910,2.1092
34.921,2.1278
34.930,2.1247
34.941,2.1434
34.950,2.1406
34.961,2.1593
34.970,2.1568
34.981,2.1755
34.990,2.1733
35.001,2.1920
35.011,2.1900
35.022,2.2088
35.030,2.2071
35.043,2.2259
35.050,2.2245
35.062,2.2433
35.070,2.2422
35.083,2.2611
35.090,2.2602
35.101,2.2791
35.111,2.2785
35.121,2.2974
35.130,2.2971
35.142,2.3160
35.150,2.3158
35.162,2.3347
35.170,2.3346
35.182,2.3535
35.190,2.3534
35.202,2.3724
35.211,2.3724
35.222,2.3914
35.230,2.3914
35.241,2.4104
35.250,2.4104
35.262,2.4294
35.270,2.4294
35.281,2.4485
35.290,2.4485
35.301,2.4675
35.311,2.4675
35.321,2.4866
35.360,2.4866
35.360,2.5057
35.360,2.5057
35.361,2.5248
35.370,2.5248
35.382,2.5439
35.390,2.5439
35.401,2.5631
35.410,2.5629
35.422,2.5821
35.431,2.5818
35.441,2.6010
35.451,2.6006
35.462,2.6198
35.470,2.6192
35.482,2.6385
35.491,2.6378
35.501,2.6571
35.510,2.6562
35.521,2.6755
35.530,2.6745
35.541,2.6938
35.550,2.6926
35.562,2.7120
35.570,2.7107
35.582,2.7301
35.590,2.7286
35.601,2.7480
35.611,2.7464
35.621,2.7659
35.630,2.7642
35.642,2.7836
35.650,2.7818
35.661,2.8013
35.670,2.7994
35.681,2.8189
35.690,2.8169
35.702,2.8364
35.710,2.8344
35.721,2.8539
35.730,2.8517
35.741,2.8712
35.750,2.8688
35.761,2.8884
35.770,2.8858
35.781,2.9054
35.790,2.9026
35.801,2.9222
35.810,2.9193
35.822,2.9389
35.830,2.9359
35.842,2.9555
35.850,2.9523
35.862,2.9719
35.870,2.9685
35.881,2.9882
35.890,2.9847
35.901,3.0043
35.910,3.0007
35.921,3.0203
35.930,3.0165
35.941,3.0362
35.950,3.0323
35.962,3.0519
35.970,3.0479
35.981,3.0675
35.991,3.0634
36.001,3.0830
36.010,3.0787
36.021,3.0984
36.031,3.0939
36.041,3.1136
36.050,3.1090
36.062,3.1288
36.070,3.1240
36.082,3.1437
36.090,3.1389
36.101,3.1586
36.110,3.1536
36.121,3.1733
36.130,3.1681
36.141,3.1879
36.150,3.1826
36.162,3.2023
36.170,3.1969
36.181,3.2167
36.190,3.2111
36.201,3.2309
36.210,3.2252
36.221,3.2450
36.230,3.2392
36.241,3.2589
36.250,3.2530
36.262,3.2728
36.270,3.2667
36.282,3.2865
36.290,3.2803
36.303,3.3000
36.310,3.2937
36.322,3.3135
36.334,3.3070
36.341,3.3268
36.350,3.3202
36.362,3.3400
36.371,3.3333
36.381,3.3531
36.390,3.3463
36.401,3.3661
36.410,3.3592
36.421,3.3790
36.430,3.3719
36.441,3.3917
36.450,3.3845
36.462,3.4043
36.471,3.3970
36.481,3.4168
36.491,3.4093
36.501,3.4292
36.510,3.4215
36.522,3.4414
36.530,3.4336
36.542,3.4534
36.550,3.4455
36.563,3.4654
36.570,3.4573
36.582,3.4772
36.590,3.4690
36.601,3.4888
36.610,3.4805
36.621,3.5003
36.630,3.4919
36.641,3.5118
36.650,3.5032
36.661,3.5230
36.670,3.5143
36.681,3.5342
36.691,3.5253
36.701,3.5452
36.711,3.5362
36.721,3.5560
36.730,3.5469
36.741,3.5668
36.751,3.5575
36.762,3.5774
36.770,3.5680
36.781,3.5878
36.790,3.5782
36.802,3.5981
36.811,3.5884
36.821,3.6082
36.830,3.5983
36.842,3.6181
36.850,3.6081
36.861,3.6279
36.871,3.6177
36.882,3.6375
36.891,3.6272
36.901,3.6470
36.911,3.6364
36.921,3.6562
36.930,3.6456
36.941,3.6654
36.950,3.6548
36.963,3.6746
36.970,3.6639
36.981,3.6837
36.990,3.6730
37.001,3.6928
37.012,3.6821
37.021,3.7018
37.031,3.6911
37.041,3.7109
37.051,3.7001
37.062,3.7198
37.071,3.7091
37.082,3.7288
37.090,3.7180
37.101,3.7377
37.110,3.7268
37.122,3.7462
37.130,3.7353
37.141,3.7541
37.150,3.7432
37.161,3.7614
37.170,3.7504
37.181,3.7681
37.190,3.7571
37.202,3.7742
37.211,3.7632
37.221,3.7798
37.230,3.7687
37.241,3.7847
37.250,3.7737
37.261,3.7891
37.270,3.7780
37.281,3.7929
37.291,3.7818
37.301,3.7961
37.310,3.7850
37.322,3.7988
37.331,3.7876
37.342,3.8008
37.351,3.7896
37.362,3.8023
37.371,3.7911
37.382,3.8032
37.391,3.7919
37.402,3.8035
37.411,3.7922
37.421,3.8032
37.430,3.7919
37.441,3.8026
37.450,3.7913
37.461,3.8015
37.470,3.7901
37.481,3.7998
37.490,3.7885
37.501,3.7977
37.511,3.7864
37.521,3.7953
37.531,3.7839
37.541,3.7927
37.551,3.7813
37.560,3.7896
37.570,3.7782
37.581,3.7861
37.591,3.7746
37.602,3.7821
37.611,3.7706
37.621,3.7779
37.630,3.7664
37.641,3.7736
37.650,3.7621
37.661,3.7688
37.670,3.7572
37.681,3.7637
37.691,3.7522
37.702,3.7584
37.710,3.7468
37.721,3.7529
37.730,3.7413
37.741,3.7472
37.750,3.7356
37.761,3.7411
37.771,3.7294
37.781,3.7348
37.790,3.7232
37.802,3.7283
37.811,3.7166
37.821,3.7216
37.830,3.7099
37.841,3.7148
37.850,3.7031
37.861,3.7074
37.870,3.6957
37.882,3.6994
37.890,3.6877
37.902,3.6909
37.911,3.6791
37.921,3.6818
37.930,3.6700
37.942,3.6721
37.951,3.6604
37.961,3.6620
37.970,3.6502
37.981,3.6512
37.990,3.6394
38.001,3.6400
38.011,3.6281
38.023,3.6283
38.030,3.6164
38.042,3.6165
38.051,3.6046
38.062,3.6046
38.070,3.5927
38.082,3.5927
38.090,3.5808
38.102,3.5808
38.110,3.5688
38.121,3.5688
38.130,3.5569
38.141,3.5569
38.150,3.5449
38.161,3.5449
38.170,3.5329
38.182,3.5329
38.191,3.5209
38.203,3.5209
38.210,3.5089
38.221,3.5089
38.230,3.4969
38.241,3.4969
38.250,3.4849
38.261,3.4849
38.271,3.4729
38.281,3.4729
38.291,3.4610
38.301,3.4610
38.311,3.4490
38.321,3.4490
38.330,3.4370
38.341,3.4370
38.350,3.4251
38.360,3.4251
38.370,3.4131
38.381,3.4131
38.390,3.4012
38.402,3.4012
38.411,3.3893
38.421,3.3893
38.430,3.3775
38.441,3.3775
38.450,3.3657
38.462,3.3657
38.470,3.3540
38.481,3.3539
38.490,3.3422
38.501,3.3421
38.511,3.3304
38.522,3.3302
38.530,3.3185
38.541,3.3184
38.550,3.3067
38.561,3.3067
38.570,3.2950
38.581,3.2950
38.590,3.2833
38.602,3.2833
38.610,3.2715
38.621,3.2715
38.630,3.2598
38.641,3.2598
38.650,3.2480
38.661,3.2480
38.670,3.2363
38.681,3.2363
38.691,3.2245
38.701,3.2245
38.710,3.2127
38.721,3.2127
38.730,3.2009
38.742,3.2009
38.750,3.1892
38.760,3.1892
38.770,3.1774
38.781,3.1774
38.790,3.1656
38.801,3.1656
38.811,3.1539
38.822,3.1539
38.831,3.1421
38.842,3.1421
38.850,3.1303
38.861,3.1303
38.870,3.1186
38.881,3.1186
38.890,3.1068
38.901,3.1068
38.910,3.0951
38.922,3.0951
38.931,3.0833
38.941,3.0833
38.950,3.0716
38.961,3.0716
38.971,3.0598
38.981,3.0598
38.991,3.0481
39.001,3.0481
39.011,3.0364
39.022,3.0364
39.030,3.0246
39.042,3.0246
39.050,3.0129
39.061,3.0129
39.070,3.0012
39.081,3.0012
39.090,2.9895
39.101,2.9895
39.110,2.9778
39.121,2.9778
39.130,2.9661
39.142,2.9661
39.150,2.9545
39.161,2.9545
39.170,2.9428
39.181,2.9428
39.190,2.9312
39.202,2.9312
39.210,2.9196
39.221,2.9196
39.230,2.9080
39.241,2.9080
39.250,2.8964
39.261,2.8964
39.271,2.8848
39.281,2.8848
39.290,2.8732
39.309,2.8732
39.310,2.8617
39.321,2.8617
39.331,2.8502
39.341,2.8502
39.350,2.8387
39.361,2.8387
39.371,2.8272
39.381,2.8272
39.391,2.8158
39.402,2.8158
39.410,2.8043
39.422,2.8043
39.430,2.7929
39.441,2.7929
39.450,2.7815
39.461,2.7815
39.471,2.7702
39.481,2.7702
39.491,2.7589
39.501,2.7589
39.510,2.7476
39.522,2.7476
39.530,2.7363
39.541,2.7363
39.550,2.7250
39.562,2.7250
39.570,2.7138
39.581,2.7138
39.590,2.7027
39.601,2.7027
39.610,2.6915
39.622,2.6915
39.630,2.6804
39.641,2.6804
39.651,2.6693
39.661,2.6693
39.671,2.6583
39.682,2.6583
39.690,2.6473
39.702,2.6473
39.710,2.6363
39.720,2.6363
39.731,2.6254
39.741,2.6254
39.750,2.6145
39.761,2.6145
39.770,2.6036
39.781,2.6036
39.790,2.5928
39.802,2.5928
39.810,2.5821
39.821,2.5821
39.830,2.5714
39.841,2.5714
39.850,2.5607
39.862,2.5607
39.870,2.5501
39.881,2.5501
39.890,2.5395
39.901,2.5395
39.911,2.5290
39.921,2.5290
39.930,2.5186
39.941,2.5186
39.950,2.5082
39.962,2.5082
39.970,2.4978
39.982,2.4978
39.990,2.4876
40.001,2.4876
40.010,2.4773
40.021,2.4773
40.031,2.4672
40.042,2.4672
40.050,2.4571
40.061,2.4571
40.071,2.4471
40.081,2.4471
40.090,2.4372
40.101,2.4372
40.111,2.4273
40.121,2.4273
40.131,2.4175
40.142,2.4175
40.151,2.4078
40.161,2.4078
40.171,2.3982
40.181,2.3982
40.191,2.3886
40.201,2.3886
40.210,2.3791
40.221,2.3791
40.230,2.3697
40.241,2.3697
40.250,2.3604
40.261,2.3604
40.270,2.3511
40.281,2.3511
40.290,2.3419
40.301,2.3419
40.314,2.3328
40.321,2.3328
40.330,2.3238
40.342,2.3238
40.350,2.3148
40.361,2.3148
40.371,2.3060
40.381,2.3060
40.390,2.2971
40.401,2.2971
40.410,2.2883
40.421,2.2883
40.430,2.2796
40.442,2.2796
40.450,2.2710
40.461,2.2710
40.470,2.2624
40.482,2.2624
40.491,2.2539
40.502,2.2539
40.510,2.2456
40.524,2.2456
40.531,2.2373
40.542,2.2373
40.551,2.2291
40.561,2.2291
40.571,2.2211
40.581,2.2211
40.590,2.2131
40.601,2.2131
40.610,2.2053
40.621,2.2053
40.631,2.1976
40.641,2.1976
40.650,2.1901
40.661,2.1901
40.670,2.1826
40.682,2.1826
40.690,2.1753
40.701,2.1753
40.710,2.1681
40.721,2.1681
40.730,2.1610
40.741,2.1610
40.750,2.1541
40.762,2.1541
40.770,2.1473
40.781,2.1473
40.790,2.1405
40.801,2.1405
40.811,2.1339
40.822,2.1339
40.830,2.1274
40.841,2.1274
40.850,2.1211
40.862,2.1211
40.870,2.1148
40.881,2.1148
40.890,2.1086
40.901,2.1086
40.910,2.1026
40.921,2.1026
40.930,2.0966
40.942,2.0966
40.950,2.0908
40.961,2.0908
40.970,2.0851
40.981,2.0851
40.990,2.0795
41.003,2.0795
41.010,2.0740
41.022,2.0740
41.031,2.0686
41.041,2.0686
41.050,2.0634
41.061,2.0634
41.070,2.0582
41.081,2.0582
41.090,2.0532
41.102,2.0532
41.110,2.0483
41.122,2.0483
41.131,2.0435
41.141,2.0435
41.150,2.0387
41.162,2.0387
41.170,2.0342
41.181,2.0342
41.190,2.0297
41.201,2.0297
41.210,2.0253
41.221,2.0253
41.230,2.0211
41.242,2.0211
41.250,2.0169
41.261,2.0169
41.270,2.0129
41.281,2.0129
41.291,2.0090
41.302,2.0090
41.311,2.0052
41.321,2.0052
41.330,2.0015
41.341,2.0015
41.350,1.9979
41.361,1.9979
41.371,1.9945
41.381,1.9945
41.390,1.9911
41.401,1.9911
41.410,1.9878
41.422,1.9878
41.430,1.9847
41.442,1.9847
41.450,1.9816
41.462,1.9816
41.471,1.9786
41.481,1.9786
41.490,1.9758
41.501,1.9758
41.510,1.9730
41.521,1.9730
41.530,1.9703
41.541,1.9703
41.550,1.9678
41.562,1.9678
41.570,1.9653
41.581,1.9653
41.590,1.9629
41.601,1.9629
41.611,1.9606
41.621,1.9606
41.630,1.9585
41.641,1.9585
41.651,1.9564
41.662,1.9564
41.670,1.9544
41.682,1.9544
41.690,1.9525
41.702,1.9525
41.710,1.9507
41.721,1.9507
41.730,1.9490
41.741,1.9490
41.750,1.9474
41.761,1.9474
41.770,1.9459
41.781,1.9459
41.790,1.9445
41.801,1.9445
41.810,1.9432
41.821,1.9432
41.830,1.9420
41.841,1.9420
41.851,1.9409
41.861,1.9409
41.870,1.9399
41.881,1.9399
41.890,1.9390
41.901,1.9390
41.912,1.9382
41.921,1.9382
41.930,1.9374
41.942,1.9374
41.951,1.9368
41.962,1.9368
41.971,1.9362
41.981,1.9362
41.990,1.9357
42.002,1.9357
42.010,1.9353
42.022,1.9353
42.030,1.9351
42.041,1.9351
42.050,1.9349
42.061,1.9349
42.070,1.9347
42.081,1.9347
42.090,1.9347
42.102,1.9347
42.110,1.9348
42.122,1.9348
42.130,1.9349
42.141,1.9349
42.151,1.9352
42.161,1.9352
42.170,1.9355
42.181,1.9355
42.190,1.9359
42.201,1.9359
42.210,1.9364
42.222,1.9364
42.230,1.9370
42.241,1.9370
42.250,1.9377
42.262,1.9377
42.270,1.9385
42.281,1.9385
42.290,1.9393
42.302,1.9393
42.311,1.9402
42.322,1.9402
42.331,1.9413
42.341,1.9413
42.350,1.9424
42.363,1.9424
42.370,1.9435
42.381,1.9435
42.390,1.9448
42.401,1.9448
42.410,1.9462
42.421,1.9462
42.430,1.9476
42.441,1.9476
42.450,1.9491
42.460,1.9491
42.470,1.9507
42.481,1.9507
42.490,1.9524
42.502,1.9524
42.511,1.9542
42.521,1.9542
42.530,1.9560
42.541,1.9560
42.550,1.9579
42.561,1.9579
42.570,1.9599
42.581,1.9599
42.590,1.9620
42.602,1.9620
42.611,1.9642
42.621,1.9642
42.630,1.9664
42.641,1.9664
42.650,1.9688
42.661,1.9688
42.671,1.9712
42.681,1.9712
42.691,1.9737
42.702,1.9737
42.710,1.9762
42.721,1.9762
42.730,1.9789
42.741,1.9789
42.750,1.9816
42.762,1.9816
42.770,1.9844
42.781,1.9844
42.790,1.9873
42.801,1.9873
42.813,1.9902
42.821,1.9902
42.830,1.9932
42.841,1.9932
42.850,1.9963
42.863,1.9963
42.870,1.9995
42.882,1.9995
42.890,2.0027
42.901,2.0027
42.910,2.0060
42.922,2.0060
42.930,2.0094
42.941,2.0094
42.950,2.0128
42.961,2.0128
42.970,2.0163
42.981,2.0163
42.990,2.0199
43.001,2.0199
43.010,2.0235
43.021,2.0235
43.031,2.0272
43.041,2.0272
43.051,2.0310
43.062,2.0310
43.070,2.0349
43.081,2.0349
43.091,2.0388
43.101,2.0388
43.111,2.0428
43.121,2.0428
43.130,2.0468
43.141,2.0468
43.151,2.0509
43.162,2.0509
43.170,2.0551
43.181,2.0551
43.190,2.0593
43.202,2.0593
43.211,2.0636
43.221,2.0636
43.230,2.0680
43.241,2.0680
43.250,2.0724
43.261,2.0724
43.270,2.0769
43.281,2.0769
43.291,2.0814
43.302,2.0814
43.312,2.0860
43.322,2.0860
43.330,2.0907
43.341,2.0907
43.351,2.0954
43.361,2.0954
43.370,2.1002
43.381,2.1002
43.390,2.1051
43.402,2.1051
43.410,2.1100
43.422,2.1100
43.430,2.1149
43.441,2.1149
43.450,2.1199
43.461,2.1199
43.470,2.1250
43.481,2.1250
43.490,2.1302
43.501,2.1302
43.510,2.1354
43.522,2.1354
43.530,2.1406
43.542,2.1406
43.550,2.1459
43.561,2.1459
43.571,2.1513
43.582,2.1513
43.590,2.1567
43.602,2.1567
43.610,2.1622
43.621,2.1622
43.630,2.1677
43.641,2.1677
43.650,2.1733
43.661,2.1733
43.671,2.1789
43.682,2.1789
43.691,2.1846
43.702,2.1846
43.711,2.1903
43.721,2.1903
43.730,2.1961
43.742,2.1961
43.751,2.2019
43.762,2.2019
43.770,2.2078
43.781,2.2078
43.790,2.2137
43.803,2.2137
43.810,2.2197
43.822,2.2197
43.830,2.2257
43.841,2.2257
43.850,2.2318
43.861,2.2318
43.871,2.2379
43.881,2.2379
43.890,2.2440
43.901,2.2440
43.911,2.2502
43.921,2.2502
43.930,2.2564
43.942,2.2564
43.950,2.2627
43.961,2.2627
43.971,2.2690
43.982,2.2690
43.990,2.2754
44.000,2.2754
44.011,2.2817
44.021,2.2817
44.030,2.2882
44.041,2.2882
44.050,2.2946
44.062,2.2946
44.071,2.3011
44.081,2.3011
44.090,2.3077
44.102,2.3077
44.110,2.3143
44.121,2.3143
44.130,2.3209
44.142,2.3209
44.150,2.3276
44.162,2.3276
44.170,2.3343
44.181,2.3343
44.190,2.3410
44.201,2.3410
44.211,2.3478
44.221,2.3478
44.231,2.3546
44.242,2.3546
44.250,2.3614
44.262,2.3614
44.271,2.3683
44.281,2.3683
44.290,2.3752
44.301,2.3752
44.311,2.3822
44.322,2.3822
44.331,2.3892
44.342,2.3892
44.351,2.3963
44.360,2.3963
44.370,2.4033
44.381,2.4033
44.390,2.4105
44.401,2.4105
44.410,2.4176
44.422,2.4176
44.430,2.4248
44.441,2.4248
44.450,2.4321
44.461,2.4321
44.470,2.4393
44.481,2.4393
44.490,2.4466
44.501,2.4466
44.510,2.4540
44.522,2.4540
44.530,2.4614
44.541,2.4614
44.550,2.4688
44.561,2.4688
44.570,2.4763
44.581,2.4763
44.590,2.4838
44.601,2.4838
44.610,2.4913
44.621,2.4913
44.631,2.4989
44.641,2.4989
44.650,2.5065
44.661,2.5065
44.671,2.5141
44.681,2.5141
44.690,2.5218
44.702,2.5218
44.710,2.5295
44.721,2.5295
44.730,2.5372
44.741,2.5372
44.750,2.5450
44.761,2.5450
44.770,2.5528
44.782,2.5528
44.790,2.5606
44.801,2.5606
44.810,2.5682
44.821,2.5682
44.830,2.5757
44.841,2.5757
44.850,2.5830
44.861,2.5830
44.871,2.5902
44.881,2.5902
44.890,2.5973
44.902,2.5973
44.910,2.6042
44.921,2.6042
44.930,2.6110
44.941,2.6110
44.951,2.6177
44.962,2.6177
44.971,2.6242
44.982,2.6242
44.991,2.6307
45.000,2.6307
45.011,2.6371
45.021,2.6371
45.030,2.6432
45.041,2.6432
45.050,2.6493
45.062,2.6493
45.070,2.6552
45.081,2.6552
45.090,2.6611
45.101,2.6611
45.110,2.6669
45.121,2.6669
45.130,2.6726
45.141,2.6726
45.150,2.6782
45.161,2.6782
45.170,2.6837
45.181,2.6837
45.190,2.6890
45.201,2.6890
45.212,2.6942
45.221,2.6942
45.230,2.6995
45.241,2.6995
45.250,2.7045
45.261,2.7045
45.270,2.7095
45.282,2.7095
45.290,2.7143
45.301,2.7143
45.311,2.7191
45.321,2.7191
45.330,2.7238
45.341,2.7238
45.350,2.7284
45.361,2.7284
45.370,2.7329
45.381,2.7329
45.390,2.7373
45.402,2.7373
45.410,2.7416
45.422,2.7416
45.430,2.7459
45.441,2.7459
45.450,2.7500
45.461,2.7500
45.471,2.7541
45.481,2.7541
45.490,2.7581
45.501,2.7581
45.510,2.7620
45.521,2.7620
45.530,2.7659
45.541,2.7659
45.550,2.7696
45.561,2.7696
45.570,2.7733
45.581,2.7733
45.590,2.7769
45.602,2.7769
45.610,2.7804
45.621,2.7804
45.630,2.7840
45.642,2.7840
45.650,2.7873
45.661,2.7873
45.670,2.7907
45.681,2.7907
45.690,2.7939
45.701,2.7939
45.711,2.7971
45.721,2.7971
45.731,2.8003
45.741,2.8003
45.752,2.8034
45.761,2.8034
45.771,2.8064
45.781,2.8064
45.790,2.8093
45.802,2.8093
45.811,2.8122
45.821,2.8122
45.830,2.8151
45.841,2.8151
45.850,2.8178
45.861,2.8178
45.870,2.8206
45.881,2.8206
45.890,2.8232
45.901,2.8232
45.912,2.8259
45.921,2.8259
45.930,2.8285
45.941,2.8285
45.951,2.8309
45.962,2.8309
45.970,2.8334
45.981,2.8334
45.990,2.8358
46.002,2.8358
46.010,2.8382
46.021,2.8382
46.030,2.8405
46.042,2.8405
46.050,2.8428
46.061,2.8428
46.071,2.8451
46.081,2.8451
46.090,2.8472
46.101,2.8472
46.110,2.8490
46.121,2.8490
46.130,2.8507
46.141,2.8507
46.151,2.8521
46.162,2.8521
46.170,2.8532
46.181,2.8532
46.190,2.8542
46.203,2.8542
46.210,2.8549
46.221,2.8549
46.230,2.8554
46.241,2.8554
46.250,2.8557
46.262,2.8557
46.271,2.8557
46.282,2.8557
46.290,2.8557
46.302,2.8557
46.311,2.8557
46.321,2.8557
46.331,2.8557
46.341,2.8557
46.350,2.8557
46.361,2.8557
46.370,2.8557
46.381,2.8557
46.390,2.8557
46.401,2.8557
46.411,2.8557
46.421,2.8557
46.430,2.8557
46.441,2.8557
46.450,2.8557
46.461,2.8557
46.470,2.8557
46.482,2.8557
46.490,2.8557
46.501,2.8557
46.510,2.8557
46.522,2.8557
46.530,2.8557
46.542,2.8557
46.551,2.8557
46.561,2.8557
46.570,2.8557
46.581,2.8557
46.590,2.8557
46.603,2.8557
46.610,2.8557
46.621,2.8557
46.631,2.8557
46.641,2.8557
46.651,2.8557
46.661,2.8557
46.670,2.8557
46.681,2.8557
46.690,2.8557
46.701,2.8557
46.710,2.8557
46.721,2.8557
46.730,2.8557
46.741,2.8557
46.750,2.8557
46.762,2.8557
46.771,2.8557
46.781,2.8557
46.790,2.8557
46.801,2.8557
46.811,2.8557
46.822,2.8557
46.830,2.8557
46.842,2.8557
46.850,2.8557
46.861,2.8557
46.870,2.8557
46.882,2.8557
46.891,2.8557
46.901,2.8557
46.910,2.8557
46.921,2.8557
46.930,2.8557
46.941,2.8557
46.950,2.8557
46.961,2.8557
46.970,2.8557
46.981,2.8557
46.990,2.8557
47.002,2.8557
47.010,2.8557
47.021,2.8557
47.030,2.8557
47.041,2.8557
47.051,2.8557
47.061,2.8557
47.071,2.8557
47.081,2.8557
47.090,2.8557
47.101,2.8557
47.111,2.8558
47.121,2.8558
47.131,2.8558
47.143,2.8558
47.151,2.8558
47.162,2.8558
47.170,2.8559
47.181,2.8559
47.190,2.8560
47.202,2.8560
47.210,2.8561
47.222,2.8561
47.230,2.8562
47.241,2.8562
47.250,2.8563
47.262,2.8563
47.270,2.8563
47.282,2.8563
47.291,2.8564
47.302,2.8564
47.312,2.8564
47.321,2.8564
47.330,2.8564
47.341,2.8564
47.350,2.8565
47.362,2.8565
47.370,2.8565
47.382,2.8565
47.390,2.8565
47.401,2.8565
47.410,2.8565
47.421,2.8565
47.430,2.8565
47.441,2.8565
47.450,2.8565
47.461,2.8565
47.470,2.8565
47.481,2.8565
47.490,2.8565
47.502,2.8565
47.511,2.8565
47.522,2.8565
47.530,2.8565
47.542,2.8565
47.550,2.8565
47.562,2.8565
47.570,2.8565
47.582,2.8565
47.590,2.8565
47.601,2.8565
47.611,2.8565
47.622,2.8565
47.631,2.8565
47.641,2.8565
47.650,2.8565
47.662,2.8565
47.670,2.8565
47.683,2.8565
47.690,2.8565
47.701,2.8565
47.711,2.8565
47.721,2.8565
47.730,2.8565
47.741,2.8565
47.750,2.8565
47.761,2.8565
47.770,2.8565
47.783,2.8565
47.791,2.8565
47.801,2.8565
47.810,2.8565
47.822,2.8565
47.830,2.8565
47.841,2.8565
47.850,2.8565
47.862,2.8565
47.870,2.8565
47.881,2.8565
47.890,2.8565
47.901,2.8565
47.911,2.8565
47.921,2.8565
47.931,2.8565
47.941,2.8565
47.950,2.8565
47.961,2.8565
47.971,2.8565
47.982,2.8565
47.990,2.8565
48.001,2.8565
48.010,2.8565
48.021,2.8565
48.030,2.8565
48.041,2.8565
48.050,2.8565
48.061,2.8565
48.070,2.8565
48.081,2.8565
48.091,2.8565
48.101,2.8565
48.110,2.8565
48.121,2.8565
48.130,2.8565
48.141,2.8565
48.150,2.8565
48.161,2.8565
48.170,2.8565
48.181,2.8565
48.191,2.8565
48.202,2.8565
48.210,2.8565
48.221,2.8565
48.230,2.8565
48.241,2.8565
48.251,2.8565
48.262,2.8565
48.270,2.8565
48.282,2.8565
48.290,2.8565
48.301,2.8565
48.311,2.8565
48.321,2.8565
48.330,2.8565
48.341,2.8565
48.350,2.8565
48.362,2.8565
48.370,2.8565
48.381,2.8565
48.390,2.8565
48.402,2.8565
48.411,2.8565
48.421,2.8565
48.430,2.8565
48.441,2.8565
48.450,2.8565
48.461,2.8565
48.471,2.8565
48.481,2.8565
48.490,2.8565
48.501,2.8565
48.510,2.8565
48.521,2.8565
48.530,2.8565
48.541,2.8565
48.550,2.8565
48.562,2.8565
48.570,2.8565
48.581,2.8565
48.590,2.8565
48.601,2.8565
48.611,2.8565
48.621,2.8565
48.631,2.8565
48.641,2.8565
48.651,2.8565
48.662,2.8565
48.670,2.8565
48.681,2.8565
48.690,2.8565
48.701,2.8565
48.711,2.8565
48.722,2.8565
48.730,2.8565
48.742,2.8565
48.750,2.8565
48.761,2.8565
48.770,2.8565
48.781,2.8565
48.790,2.8565
48.801,2.8565
48.810,2.8565
48.821,2.8565
48.831,2.8565
48.842,2.8565
48.850,2.8565
48.861,2.8565
48.870,2.8565
48.881,2.8565
48.890,2.8565
48.902,2.8565
48.910,2.8565
48.921,2.8565
48.931,2.8565
48.941,2.8565
48.950,2.8565
48.961,2.8565
48.970,2.8565
48.981,2.8565
48.990,2.8565
49.001,2.8565
49.010,2.8565
49.021,2.8565
49.030,2.8565
49.042,2.8565
49.050,2.8565
49.062,2.8565
49.071,2.8565
49.082,2.8565
49.090,2.8565
49.101,2.8565
49.110,2.8565
49.121,2.8565
49.130,2.8565
49.141,2.8565
49.150,2.8565
49.162,2.8565
49.170,2.8565
49.181,2.8565
49.191,2.8565
49.201,2.8565
49.210,2.8565
49.222,2.8565
49.230,2.8565
49.242,2.8565
49.250,2.8565
49.262,2.8565
49.271,2.8565
49.281,2.8565
49.291,2.8565
49.302,2.8565
49.310,2.8565
49.321,2.8565
49.330,2.8565
49.341,2.8565
49.350,2.8565
49.361,2.8565
49.370,2.8565
49.381,2.8565
49.390,2.8565
49.401,2.8565
49.411,2.8565
49.421,2.8565
49.430,2.8565
49.441,2.8565
49.450,2.8565
49.461,2.8565
49.470,2.8565
49.481,2.8565
49.490,2.8565
49.501,2.8565
49.510,2.8565
49.522,2.8565
49.530,2.8565
49.541,2.8565
49.550,2.8565
49.561,2.8565
49.570,2.8565
49.581,2.8565
49.590,2.8565
49.602,2.8565
49.610,2.8565
49.621,2.8565
49.630,2.8565
49.641,2.8565
49.650,2.8565
49.662,2.8565
49.670,2.8565
49.681,2.8565
49.691,2.8565
49.701,2.8565
49.710,2.8565
49.721,2.8565
49.730,2.8565
49.741,2.8565
49.750,2.8565
49.761,2.8565
49.770,2.8565
49.781,2.8565
49.791,2.8565
49.802,2.8565
49.810,2.8565
49.821,2.8565
49.830,2.8565
49.841,2.8565
49.851,2.8565
49.861,2.8565
49.870,2.8565
49.882,2.8565
49.890,2.8565
49.901,2.8565
49.910,2.8565
49.921,2.8565
49.930,2.8565
49.941,2.8565
49.950,2.8565
49.961,2.8565
49.970,2.8565
49.981,2.8565
49.990,2.8565
50.002,2.8565
50.010,2.8565
50.021,2.8565
50.030,2.8565
50.041,2.8565
50.050,2.8565
50.062,2.8565
50.071,2.8565
50.081,2.8565
50.091,2.8565
50.101,2.8565
50.113,2.8565
50.121,2.8565
50.130,2.8565
50.141,2.8565
50.150,2.8565
50.162,2.8565
50.171,2.8565
50.181,2.8565
50.191,2.8565
50.202,2.8565
50.211,2.8565
50.221,2.8565
50.231,2.8565
50.241,2.8565
50.250,2.8565
50.261,2.8565
50.270,2.8565
50.281,2.8565
50.291,2.8565
50.301,2.8565
50.311,2.8565
50.322,2.8565
50.331,2.8565
50.341,2.8565
50.350,2.8565
50.361,2.8565
50.370,2.8565
50.382,2.8565
50.390,2.8565
