t,gt_x,gt_y,gt_yaw,slam_x,slam_y,speed,clearance_any,clearance_dynamic,dynamic_count,dyn_x,dyn_y
30.209,-11.0000,-1.5000,0.0000,-11.0000,-1.5000,0.0000,1.0070,inf,0,nan,nan
30.309,-10.9993,-1.5000,0.0022,-10.9992,-1.5000,0.0226,1.0077,inf,0,nan,nan
30.408,-10.9952,-1.5000,0.0155,-10.9948,-1.5000,0.0626,1.0110,inf,0,nan,nan
30.506,-10.9874,-1.4997,0.0407,-10.9863,-1.4997,0.1026,1.0065,inf,0,nan,nan
30.604,-10.9760,-1.4991,0.0780,-10.9739,-1.4990,0.1426,1.0028,inf,0,nan,nan
30.703,-10.9609,-1.4975,0.1272,-10.9575,-1.4973,0.1826,0.9925,inf,0,nan,nan
30.805,-10.9422,-1.4945,0.1882,-10.9373,-1.4941,0.2226,0.9846,inf,0,nan,nan
30.908,-10.9200,-1.4895,0.2549,-10.9135,-1.4886,0.2626,0.9727,inf,0,nan,nan
31.005,-10.8943,-1.4819,0.3215,-10.8862,-1.4805,0.3026,0.9769,inf,0,nan,nan
31.107,-10.8653,-1.4712,0.3807,-10.8558,-1.4693,0.3426,0.9823,inf,0,nan,nan
31.206,-10.8329,-1.4573,0.4278,-10.8223,-1.4549,0.3826,0.9785,inf,0,nan,nan
31.370,-10.8119,-1.4475,0.4504,-10.8080,-1.4482,0.3986,1.0086,inf,0,nan,nan
31.403,-10.7583,-1.4202,0.4862,-10.7463,-1.4170,0.4626,1.0130,inf,0,nan,nan
31.507,-10.7159,-1.3974,0.4973,-10.7036,-1.3940,0.5026,1.0581,inf,0,nan,nan
31.607,-10.6699,-1.3724,0.4965,-10.6575,-1.3690,0.5426,1.0740,inf,0,nan,nan
31.706,-10.6203,-1.3457,0.4910,-10.6166,-1.3522,0.5826,1.1165,inf,0,nan,nan
31.808,-10.5677,-1.3177,0.4870,-10.5647,-1.3248,0.6000,1.1577,inf,0,nan,nan
31.906,-10.5146,-1.2897,0.4839,-10.5118,-1.2966,0.6000,1.1850,inf,0,nan,nan
32.006,-10.4614,-1.2619,0.4813,-10.4588,-1.2685,0.6000,1.2188,inf,0,nan,nan
32.106,-10.4082,-1.2342,0.4792,-10.4057,-1.2406,0.6000,1.2563,inf,0,nan,nan
32.208,-10.3550,-1.2066,0.4773,-10.3526,-1.2127,0.6000,1.2936,inf,0,nan,nan
32.411,-10.3016,-1.1790,0.4756,-10.3100,-1.1904,0.6000,1.3457,inf,0,nan,nan
32.414,-10.2910,-1.1735,0.4753,-10.2994,-1.1849,0.6000,1.3943,inf,0,nan,nan
32.505,-10.1948,-1.1245,0.4669,-10.1928,-1.1297,0.6000,1.4547,inf,0,nan,nan
32.606,-10.1412,-1.0976,0.4626,-10.1393,-1.1025,0.6000,1.4904,inf,0,nan,nan
32.706,-10.0874,-1.0709,0.4591,-10.0770,-1.0747,0.6000,1.4951,inf,0,nan,nan
32.806,-10.0336,-1.0444,0.4574,-10.0225,-1.0479,0.6000,1.5157,inf,0,nan,nan
32.910,-9.9798,-1.0179,0.4564,-9.9687,-1.0213,0.6000,1.5288,inf,0,nan,nan
33.008,-9.9259,-0.9915,0.4557,-9.9150,-0.9947,0.6000,1.5053,inf,0,nan,nan
33.106,-9.8720,-0.9651,0.4552,-9.8612,-0.9680,0.6000,1.5383,inf,0,nan,nan
33.205,-9.8181,-0.9387,0.4547,-9.8261,-0.9407,0.6000,1.5299,inf,0,nan,nan
33.419,-9.7534,-0.9072,0.4532,-9.7739,-0.9143,0.6000,1.5756,inf,0,nan,nan
33.422,-9.7426,-0.9019,0.4530,-9.7631,-0.9091,0.6000,1.5734,inf,0,nan,nan
33.507,-9.6563,-0.8599,0.4531,-9.6660,-0.8617,0.6000,1.6004,inf,0,nan,nan
33.606,-9.6024,-0.8336,0.4536,-9.6121,-0.8354,0.6000,1.6285,inf,0,nan,nan
33.710,-9.5485,-0.8073,0.4544,-9.5582,-0.8091,0.6000,1.6398,inf,0,nan,nan
33.808,-9.4946,-0.7810,0.4554,-9.5043,-0.7827,0.6000,1.6650,inf,0,nan,nan
33.906,-9.4408,-0.7546,0.4567,-9.4505,-0.7562,0.6000,1.6947,inf,0,nan,nan
34.003,-9.3870,-0.7281,0.4582,-9.3966,-0.7297,0.6000,1.7283,inf,0,nan,nan
34.104,-9.3332,-0.7015,0.4596,-9.3429,-0.7030,0.6000,1.7398,inf,0,nan,nan
34.204,-9.2795,-0.6749,0.4608,-9.2891,-0.6764,0.6000,1.7650,inf,0,nan,nan
34.304,-9.2257,-0.6482,0.4615,-9.2351,-0.6502,0.6000,1.7888,inf,0,nan,nan
34.438,-9.1935,-0.6321,0.4618,-9.2137,-0.6394,0.6000,1.8240,inf,0,nan,nan
34.505,-9.1183,-0.5949,0.4557,-9.1278,-0.5965,0.6000,1.8552,inf,0,nan,nan
34.608,-9.0644,-0.5686,0.4491,-9.0740,-0.5700,0.6000,1.8796,inf,0,nan,nan
34.708,-9.0102,-0.5427,0.4437,-9.0200,-0.5438,0.6000,1.9012,inf,0,nan,nan
34.807,-8.9560,-0.5171,0.4389,-8.9762,-0.5172,0.6000,1.9276,inf,0,nan,nan
34.906,-8.9016,-0.4917,0.4349,-8.9220,-0.4917,0.6000,1.9479,inf,0,nan,nan
35.007,-8.8472,-0.4665,0.4316,-8.8676,-0.4663,0.6000,1.9810,inf,0,nan,nan
35.110,-8.7926,-0.4415,0.4285,-8.8132,-0.4410,0.6000,1.9990,inf,0,nan,nan
35.208,-8.7380,-0.4167,0.4258,-8.7587,-0.4160,0.6000,2.0301,inf,0,nan,nan
35.306,-8.6833,-0.3920,0.4235,-8.6944,-0.3904,0.6000,2.0504,inf,0,nan,nan
35.464,-8.6396,-0.3723,0.4224,-8.6616,-0.3756,0.6000,2.0815,inf,0,nan,nan
35.505,-8.5739,-0.3428,0.4197,-8.5850,-0.3411,0.6000,2.1037,inf,0,nan,nan
35.604,-8.5191,-0.3184,0.4175,-8.5302,-0.3166,0.6000,2.1374,inf,0,nan,nan
35.706,-8.4642,-0.2941,0.4162,-8.4754,-0.2922,0.6000,2.1618,inf,0,nan,nan
35.804,-8.4093,-0.2699,0.4156,-8.4205,-0.2679,0.6000,2.1761,inf,0,nan,nan
35.908,-8.3544,-0.2457,0.4156,-8.3657,-0.2435,0.6000,2.1988,inf,0,nan,nan
36.007,-8.2995,-0.2214,0.4161,-8.3109,-0.2192,0.6000,2.2165,inf,0,nan,nan
36.107,-8.2447,-0.1972,0.4165,-8.2560,-0.1948,0.6000,2.2527,inf,0,nan,nan
36.205,-8.1898,-0.1729,0.4168,-8.2104,-0.1704,0.6000,2.2811,inf,0,nan,nan
36.307,-8.1349,-0.1486,0.4166,-8.1564,-0.1460,0.6000,2.2951,inf,0,nan,nan
36.485,-8.0801,-0.1244,0.4162,-8.1126,-0.1265,0.6000,2.3316,inf,0,nan,nan
36.504,-8.0252,-0.1001,0.4146,-8.0467,-0.0973,0.6000,2.3534,inf,0,nan,nan
36.607,-7.9702,-0.0760,0.4131,-7.9919,-0.0730,0.6000,2.3867,inf,0,nan,nan
36.707,-7.9153,-0.0519,0.4127,-7.9278,-0.0580,0.6000,2.3822,inf,0,nan,nan
36.808,-7.8604,-0.0279,0.4143,-7.8721,-0.0346,0.6000,2.3566,inf,0,nan,nan
36.909,-7.8055,-0.0037,0.4165,-7.8172,-0.0102,0.6000,2.3464,inf,0,nan,nan
37.006,-7.7507,0.0206,0.4189,-7.7625,0.0143,0.6000,2.3152,inf,0,nan,nan
37.104,-7.6960,0.0451,0.4209,-7.7077,0.0389,0.6000,2.2871,inf,0,nan,nan
37.208,-7.6413,0.0696,0.4223,-7.6718,0.0735,0.6000,2.2517,inf,0,nan,nan
37.306,-7.5866,0.0942,0.4218,-7.6187,0.0989,0.6000,2.2334,inf,0,nan,nan
37.469,-7.5209,0.1237,0.4208,-7.5529,0.1283,0.6000,2.2226,inf,0,nan,nan
37.506,-7.4770,0.1433,0.4197,-7.5091,0.1479,0.6000,2.1909,inf,0,nan,nan
37.609,-7.4222,0.1676,0.4176,-7.4543,0.1722,0.6000,2.1667,inf,0,nan,nan
37.709,-7.3674,0.1919,0.4163,-7.3899,0.1957,0.6000,2.1650,inf,0,nan,nan
37.806,-7.3125,0.2162,0.4161,-7.3342,0.2201,0.6000,2.1370,inf,0,nan,nan
37.906,-7.2576,0.2405,0.4166,-7.2794,0.2446,0.6000,2.1141,inf,0,nan,nan
38.005,-7.2028,0.2647,0.4174,-7.2247,0.2690,0.6000,2.1179,inf,0,nan,nan
38.106,-7.1480,0.2891,0.4182,-7.1699,0.2935,0.6000,2.1102,inf,0,nan,nan
38.206,-7.0931,0.3135,0.4189,-7.1152,0.3181,0.6000,2.0661,inf,0,nan,nan
38.309,-7.0384,0.3379,0.4197,-7.0707,0.3333,0.6000,2.0767,inf,0,nan,nan
38.407,-6.9836,0.3623,0.4211,-7.0159,0.3578,0.6000,2.0566,inf,0,nan,nan
38.506,-6.9289,0.3869,0.4213,-6.9612,0.3823,0.6000,2.0392,inf,0,nan,nan
38.607,-6.8743,0.4113,0.4116,-6.9063,0.4066,0.6000,2.0083,inf,0,nan,nan
38.706,-6.8194,0.4350,0.3923,-6.8511,0.4301,0.6000,1.9687,inf,0,nan,nan
38.803,-6.7637,0.4573,0.3720,-6.7955,0.4626,0.6000,1.9375,inf,0,nan,nan
38.907,-6.7076,0.4786,0.3532,-6.7394,0.4840,0.6000,1.9038,inf,0,nan,nan
39.004,-6.6512,0.4989,0.3361,-6.6831,0.5046,0.6000,1.8896,inf,0,nan,nan
39.105,-6.5944,0.5182,0.3193,-6.6264,0.5243,0.6000,1.8793,inf,0,nan,nan
39.206,-6.5372,0.5366,0.3027,-6.5695,0.5432,0.6000,1.8535,inf,0,nan,nan
39.303,-6.4798,0.5540,0.2870,-6.5128,0.5526,0.6000,1.8381,inf,0,nan,nan
39.406,-6.4222,0.5706,0.2726,-6.4552,0.5695,0.6000,1.8248,inf,0,nan,nan
39.505,-6.3643,0.5863,0.2591,-6.3974,0.5857,0.6000,1.8121,inf,0,nan,nan
39.605,-6.3062,0.6015,0.2529,-6.3395,0.6013,0.6000,1.7909,inf,0,nan,nan
39.707,-6.2482,0.6165,0.2547,-6.2820,0.6185,0.6000,1.7786,inf,0,nan,nan
39.806,-6.1902,0.6317,0.2576,-6.2240,0.6339,0.6000,1.7709,inf,0,nan,nan
39.908,-6.1323,0.6470,0.2611,-6.1661,0.6494,0.6000,1.7487,inf,0,nan,nan
40.004,-6.0744,0.6626,0.2641,-6.1082,0.6651,0.6000,1.7301,inf,0,nan,nan
40.105,-6.0165,0.6783,0.2655,-6.0503,0.6810,0.6000,1.7157,inf,0,nan,nan
40.206,-5.9586,0.6941,0.2655,-5.9924,0.6969,0.6000,1.6924,inf,0,nan,nan
40.306,-5.9007,0.7098,0.2638,-5.9346,0.7127,0.6000,1.6770,inf,0,nan,nan
40.408,-5.8428,0.7253,0.2604,-5.8766,0.7284,0.6000,1.6690,inf,0,nan,nan
40.509,-5.8080,0.7345,0.2582,-5.8419,0.7377,0.6000,1.6640,inf,0,nan,nan
40.607,-5.7268,0.7560,0.2608,-5.7607,0.7594,0.6000,1.6390,inf,0,nan,nan
40.709,-5.6690,0.7716,0.2678,-5.7031,0.7669,0.6000,1.6161,inf,0,nan,nan
40.808,-5.6114,0.7876,0.2756,-5.6453,0.7822,0.6000,1.5916,inf,0,nan,nan
40.906,-5.5539,0.8041,0.2834,-5.5876,0.7988,0.6000,1.5756,inf,0,nan,nan
41.004,-5.4966,0.8211,0.2906,-5.5301,0.8158,0.6000,1.5558,inf,0,nan,nan
41.106,-5.4392,0.8384,0.2960,-5.4726,0.8331,0.6000,1.5303,inf,0,nan,nan
41.207,-5.3819,0.8560,0.2991,-5.4153,0.8599,0.6000,1.5139,inf,0,nan,nan
41.308,-5.3246,0.8737,0.2992,-5.3579,0.8784,0.6000,1.4966,inf,0,nan,nan
41.408,-5.2673,0.8913,0.2969,-5.3006,0.8960,0.6000,1.4794,inf,0,nan,nan
41.534,-5.2099,0.9087,0.2933,-5.2547,0.9100,0.6000,1.4749,inf,0,nan,nan
41.605,-5.1525,0.9260,0.2892,-5.1857,0.9308,0.6000,1.4593,inf,0,nan,nan
41.708,-5.0952,0.9429,0.2743,-5.1371,0.9467,0.6000,1.4413,inf,0,nan,nan
41.806,-5.0375,0.9586,0.2532,-5.0800,0.9626,0.6000,1.4369,inf,0,nan,nan
41.906,-4.9792,0.9730,0.2339,-5.0219,0.9774,0.6000,1.4347,inf,0,nan,nan
42.007,-4.9208,0.9864,0.2171,-4.9635,0.9913,0.6000,1.4125,inf,0,nan,nan
42.104,-4.8621,0.9989,0.2019,-4.9049,1.0044,0.6000,1.4229,inf,0,nan,nan
42.206,-4.8032,1.0105,0.1878,-4.8462,1.0167,0.6000,1.4188,inf,0,nan,nan
42.303,-4.7442,1.0214,0.1751,-4.7877,1.0297,0.6000,1.4106,inf,0,nan,nan
42.408,-4.6851,1.0315,0.1636,-4.7287,1.0403,0.6000,1.3980,inf,0,nan,nan
42.518,-4.6258,1.0409,0.1531,-4.6695,1.0503,0.6000,1.3980,inf,0,nan,nan
42.607,-4.5665,1.0498,0.1463,-4.6103,1.0598,0.6000,1.3962,inf,0,nan,nan
42.704,-4.5071,1.0586,0.1469,-4.5510,1.0692,0.6000,1.3866,inf,0,nan,nan
42.804,-4.4478,1.0674,0.1494,-4.5020,1.0700,0.6000,1.3678,inf,0,nan,nan
42.903,-4.3886,1.0764,0.1533,-4.4427,1.0793,0.6000,1.3674,inf,0,nan,nan
43.003,-4.3294,1.0857,0.1573,-4.3835,1.0888,0.6000,1.3594,inf,0,nan,nan
43.108,-4.2703,1.0952,0.1606,-4.3243,1.0985,0.6000,1.3442,inf,0,nan,nan
43.205,-4.2111,1.1049,0.1631,-4.2651,1.1084,0.6000,1.3277,inf,0,nan,nan
43.305,-4.1520,1.1147,0.1660,-4.1961,1.1092,0.6000,1.3219,inf,0,nan,nan
43.406,-4.0929,1.1247,0.1688,-4.1369,1.1192,0.6000,1.3050,inf,0,nan,nan
43.507,-4.0338,1.1348,0.1711,-4.0778,1.1294,0.6000,1.3001,inf,0,nan,nan
43.606,-3.9747,1.1451,0.1730,-4.0187,1.1397,0.6000,1.2944,inf,0,nan,nan
43.705,-3.9156,1.1554,0.1740,-3.9596,1.1593,0.6000,1.2796,inf,0,nan,nan
43.803,-3.8566,1.1658,0.1748,-3.9005,1.1705,0.6000,1.2920,inf,0,nan,nan
43.907,-3.7975,1.1763,0.1761,-3.8414,1.1810,0.6000,1.2674,inf,0,nan,nan
44.008,-3.7385,1.1868,0.1774,-3.7824,1.1916,0.6000,1.2882,inf,0,nan,nan
44.110,-3.6795,1.1975,0.1783,-3.7233,1.2023,0.6000,1.2879,inf,0,nan,nan
44.204,-3.6204,1.2081,0.1785,-3.6643,1.2129,0.6000,1.2987,inf,0,nan,nan
44.305,-3.5614,1.2187,0.1781,-3.6052,1.2236,0.6000,1.2858,inf,0,nan,nan
44.408,-3.5023,1.2293,0.1770,-3.5462,1.2343,0.6000,1.2836,inf,0,nan,nan
44.505,-3.4432,1.2399,0.1758,-3.4871,1.2448,0.6000,1.2724,inf,0,nan,nan
44.608,-3.3842,1.2503,0.1744,-3.4280,1.2553,0.6000,1.2804,inf,0,nan,nan
44.703,-3.3253,1.2606,0.1647,-3.3781,1.2656,0.6000,1.2689,inf,0,nan,nan
44.808,-3.2664,1.2699,0.1451,-3.3196,1.2749,0.6000,1.2571,inf,0,nan,nan
44.904,-3.2074,1.2781,0.1263,-3.2602,1.2831,0.6000,1.2447,inf,0,nan,nan
45.008,-3.1482,1.2852,0.1090,-3.2006,1.2902,0.6000,1.2195,inf,0,nan,nan
45.105,-3.0889,1.2913,0.0931,-3.1409,1.2963,0.6000,1.2113,inf,0,nan,nan
45.207,-3.0295,1.2964,0.0785,-3.0812,1.3015,0.6000,1.1890,inf,0,nan,nan
45.308,-2.9699,1.3008,0.0653,-3.0213,1.3059,0.6000,1.2000,inf,0,nan,nan
45.409,-2.9103,1.3043,0.0532,-2.9614,1.3095,0.6000,1.1741,inf,0,nan,nan
45.507,-2.8507,1.3072,0.0424,-2.9015,1.3124,0.6000,1.1835,inf,0,nan,nan
45.609,-2.7909,1.3095,0.0326,-2.8416,1.3147,0.6000,1.1764,inf,0,nan,nan
45.708,-2.7310,1.3112,0.0268,-2.7816,1.3165,0.6000,1.1894,inf,0,nan,nan
45.806,-2.6711,1.3127,0.0243,-2.7316,1.3181,0.6000,1.1797,inf,0,nan,nan
45.907,-2.6111,1.3141,0.0221,-2.6716,1.3196,0.6000,1.1860,inf,0,nan,nan
46.008,-2.5511,1.3154,0.0201,-2.6116,1.3209,0.6000,1.1826,inf,0,nan,nan
46.108,-2.4911,1.3165,0.0184,-2.5516,1.3222,0.6000,1.1849,inf,0,nan,nan
46.205,-2.4311,1.3176,0.0171,-2.4917,1.3150,0.6000,1.1858,inf,0,nan,nan
46.308,-2.3711,1.3186,0.0174,-2.4317,1.3153,0.6000,1.1637,inf,0,nan,nan
46.409,-2.3112,1.3197,0.0179,-2.3717,1.3162,0.6000,1.1770,inf,0,nan,nan
46.507,-2.2512,1.3208,0.0183,-2.3117,1.3173,0.6000,1.1874,inf,0,nan,nan
46.610,-2.1912,1.3219,0.0186,-2.2517,1.3183,0.6000,1.1622,inf,0,nan,nan
46.709,-2.1312,1.3230,0.0172,-2.1825,1.3285,0.6000,1.1778,inf,0,nan,nan
46.807,-2.0713,1.3239,0.0150,-2.1217,1.3302,0.6000,1.1798,inf,0,nan,nan
46.907,-2.0113,1.3248,0.0131,-2.0617,1.3310,0.6000,1.1688,inf,0,nan,nan
47.006,-1.9513,1.3255,0.0114,-2.0017,1.3317,0.6000,1.1797,inf,0,nan,nan
47.106,-1.8913,1.3262,0.0102,-1.9417,1.3323,0.6000,1.1777,inf,0,nan,nan
47.210,-1.8313,1.3267,0.0093,-1.8817,1.3328,0.6000,1.1749,inf,0,nan,nan
47.307,-1.7713,1.3273,0.0094,-1.8317,1.3234,0.6000,1.1844,inf,0,nan,nan
47.407,-1.7113,1.3279,0.0106,-1.7717,1.3239,0.6000,1.1736,inf,0,nan,nan
47.506,-1.6514,1.3286,0.0120,-1.7118,1.3246,0.6000,1.1725,inf,0,nan,nan
47.606,-1.5914,1.3294,0.0142,-1.6518,1.3253,0.6000,1.1791,inf,0,nan,nan
47.711,-1.5194,1.3306,0.0201,-1.5918,1.3263,0.6000,1.1565,inf,0,nan,nan
47.806,-1.4715,1.3316,0.0251,-1.5318,1.3277,0.6000,1.1678,inf,0,nan,nan
47.906,-1.4116,1.3333,0.0314,-1.4718,1.3294,0.6000,1.1649,inf,0,nan,nan
48.006,-1.3516,1.3354,0.0398,-1.4118,1.3316,0.6000,1.1432,inf,0,nan,nan
48.105,-1.2917,1.3382,0.0539,-1.3519,1.3346,0.6000,1.1517,inf,0,nan,nan
48.208,-1.2318,1.3419,0.0705,-1.2921,1.3386,0.6000,1.1392,inf,0,nan,nan
48.306,-1.1721,1.3466,0.0867,-1.2423,1.3537,0.6000,1.1246,inf,0,nan,nan
48.407,-1.1127,1.3523,0.1024,-1.1826,1.3598,0.6000,1.1121,inf,0,nan,nan
48.508,-1.0535,1.3588,0.1184,-1.1230,1.3669,0.6000,1.0749,inf,0,nan,nan
48.605,-0.9943,1.3663,0.1343,-1.0635,1.3749,0.6000,1.0875,inf,0,nan,nan
48.708,-0.9360,1.3746,0.1498,-1.0053,1.3836,0.5620,1.0571,inf,0,nan,nan
48.805,-0.8838,1.3828,0.1652,-0.9537,1.3836,0.4987,1.0439,inf,0,nan,nan
48.907,-0.8371,1.3908,0.1820,-0.9073,1.3918,0.4488,1.0373,inf,0,nan,nan
49.006,-0.7952,1.3988,0.1972,-0.8658,1.3998,0.4039,1.0288,inf,0,nan,nan
49.106,-0.7578,1.4064,0.2109,-0.8286,1.4075,0.3632,1.0055,inf,0,nan,nan
49.207,-0.7242,1.4137,0.2232,-0.7953,1.4149,0.3276,0.9983,inf,0,nan,nan
49.306,-0.6942,1.4206,0.2343,-0.7655,1.4218,0.2918,0.9781,inf,0,nan,nan
49.404,-0.6674,1.4271,0.2444,-0.7388,1.4284,0.2619,0.9769,inf,0,nan,nan
49.511,-0.6434,1.4332,0.2535,-0.7148,1.4345,0.2350,0.9683,inf,0,nan,nan
49.607,-0.6218,1.4388,0.2617,-0.6933,1.4402,0.2116,0.9633,inf,0,nan,nan
49.706,-0.6024,1.4441,0.2692,-0.6740,1.4455,0.1898,0.9379,inf,0,nan,nan
49.805,-0.5850,1.4489,0.2759,-0.6566,1.4503,0.1692,0.9419,inf,0,nan,nan
49.908,-0.5695,1.4533,0.2819,-0.6410,1.4548,0.1544,0.9376,inf,0,nan,nan
50.005,-0.5564,1.4572,0.2850,-0.6280,1.4586,0.1036,0.9257,inf,0,nan,nan
50.106,-0.5505,1.4589,0.2791,-0.6222,1.4603,0.0236,0.9288,inf,0,nan,nan
50.203,-0.5501,1.4590,0.2653,-0.6220,1.4604,0.0000,0.9358,inf,0,nan,nan
50.308,-0.5501,1.4590,0.2438,-0.6320,1.4604,0.0000,0.9484,inf,0,nan,nan
50.405,-0.5501,1.4590,0.2141,-0.6320,1.4604,0.0000,0.9507,inf,0,nan,nan
50.508,-0.5501,1.4590,0.1762,-0.6320,1.4604,0.0000,0.9739,inf,0,nan,nan
